<?xml version="1.0" encoding="UTF-8"?>
<!DOCTYPE hibernate-configuration PUBLIC
	"-//Hibernate/Hibernate Configuration DTD 3.0//EN"
	"http://hibernate.sourceforge.net/hibernate-configuration-3.0.dtd">
<hibernate-configuration>
	<session-factory>

    	<!-- Configuración de la conexión a la base de datos -->
    	<property name="hibernate.connection.driver_class">com.mysql.jdbc.Driver</property>
    	<property name="hibernate.connection.url">jdbc:mysql://localhost:3306/hibernate</property>
    	<property name="hibernate.connection.username">root</property>
    	<property name="hibernate.connection.password">usuario</property>
        <property name="hibernate.hbm2ddl.auto">update</property>
        
        <!-- SQL dialect -->
        <property name="hibernate.dialect">org.hibernate.dialect.MySQL8Dialect</property>

    	<!-- Mapeos de clases de entidades -->
    	<mapping class="com.mycompany.uf3_hibernate.Producto"/>
	</session-factory>
</hibernate-configuration>
