<?xml version="1.0" encoding="UTF-8"?>
<!DOCTYPE hibernate-configuration PUBLIC
	"-//Hibernate/Hibernate Configuration DTD 3.0//EN"
	"http://hibernate.sourceforge.net/hibernate-configuration-3.0.dtd">
<hibernate-configuration>
	<session-factory>


    	<!-- Configuración de la conexión a la base de datos -->
    	<property name="hibernate.connection.driver_class">org.h2.Driver</property>
    	<property name="hibernate.connection.url">jdbc:h2:mem:test</property>
    	<property name="hibernate.connection.username">usuario</property>
    	<property name="hibernate.connection.password"></property>
   	<property name="hibernate.hbm2ddl.auto">create-drop</property>


    	<!-- Otras configuraciones -->
    	<property name="hibernate.dialect">org.hibernate.dialect.H2Dialect</property>


    	<!-- Mapeos de clases de entidades -->
    	<mapping class="com.mycompany.uf3_hibernate.Producto"/>
	</session-factory>
</hibernate-configuration>
